INSERT INTO `Genere` (`Nome`)
VALUES
  ("Storie d’amore"),
  ("Avventura e Azione"),
  ("Fantascienza"),
  ("Fantasy"),
  ("Narrativa speculativa"),
  ("Thriller"),
  ("Letteratura per ragazzi"),
  ("New adult"),
  ("Horror"),
  ("Poliziesco"),
  ("Mistero"),
  ("Romanzo storico"),
  ("Western"),
  ("Saghe familiari"),
  ("Narrativa"),
  ("Realismo magico"),
  ("Narrativa impegnata");

INSERT INTO `Cliente` (`Email`,`Username`,`Password`,`DataDiNascita`,`Paese`)
VALUES
  ("non.sapien.mol@aol.couk","Ciaran",3214,"1998-07-17","Italy"),
  ("felis@icloud.net","Minerva",4694,"1984-11-17","Italy"),
  ("elit.pretium@aol.ca","Wylie",9627,"1991-01-13","Italy"),
  ("cursus.et@protonmail.couk","Edward",4882,"1990-02-20","Italy"),
  ("cursus.non@outlook.couk","Kessie",8389,"1995-10-26","Italy"),
  ("nulla.donec@outlook.ca","Jessamine",8549,"1984-04-20","Italy"),
  ("elementum.lorem.ut@yahoo.edu","Walker",2845,"1984-07-19","Italy"),
  ("varius.et@hotmail.net","Scarlet",3550,"1992-10-29","Italy"),
  ("erat@yahoo.couk","Wesley",6688,"1985-05-01","Italy"),
  ("arcu.et@outlook.couk","Amanda",7551,"1993-07-14","Italy"),
  ("elit.curabitur@icloud.org","Willow",5507,"1990-12-17","Italy"),
  ("penatibus.et.magnis@yahoo.couk","Cameron",3027,"1994-09-13","Italy"),
  ("varius.ultrices@outlook.couk","Nadine",1121,"1992-09-14","Italy"),
  ("curabitur.dictum@outlook.ca","Barrett",5291,"1995-03-29","Italy"),
  ("fusce.aliquam@protonmail.couk","Yael",6528,"1994-03-28","Italy"),
  ("nascetur.ridiculus@icloud.org","Burton",1274,"1999-05-05","Italy"),
  ("integer.mollis.integer@yahoo.couk","Nerea",3462,"1987-09-30","Italy"),
  ("cras.eu@outlook.edu","Audrey",3591,"1987-08-16","Italy"),
  ("consectetuer.adipiscing@yahoo.couk","Cailin",6819,"1986-08-16","Italy"),
  ("risus.morbi@icloud.couk","Vaughan",9469,"1994-10-15","Italy");

INSERT INTO `Autore` (`Nome`,`Paese`)
VALUES
  ("Saviano","Italy"),
  ("Kaseem","Italy"),
  ("Finn","Italy"),
  ("Adara","Italy"),
  ("Abraham","Italy"),
  ("Oliver","Italy"),
  ("Samantha","Italy"),
  ("Rylee","Italy"),
  ("Merritt","Italy"),
  ("Cecilia","Italy"),
  ("Blake","Italy"),
  ("Dara","Italy"),
  ("Kirsten","Italy"),
  ("Lareina","Italy"),
  ("Reese","Italy"),
  ("Thomas","Italy"),
  ("Emma","Italy"),
  ("Nichole","Italy"),
  ("Daquan","Italy"),
  ("Ella","Italy");

INSERT INTO `Lettore` (`Nome`,`Paese`)
VALUES
  ("Natalie","Italy"),
  ("Noel","Italy"),
  ("Evan","Italy"),
  ("Jane","Italy"),
  ("Leonard","Italy"),
  ("Denise","Italy"),
  ("Amy","Italy"),
  ("Oren","Italy"),
  ("Lani","Italy"),
  ("Emmanuel","Italy"),
  ("Keefe","Italy"),
  ("Finn","Italy"),
  ("Wanda","Italy"),
  ("Morgan","Italy"),
  ("Wade","Italy"),
  ("Carter","Italy"),
  ("Sydnee","Italy"),
  ("Robin","Italy"),
  ("Sierra","Italy"),
  ("Kyra","Italy");

INSERT INTO `GenereAutore` (`IDAutore`,`IDGenere`)
VALUES
  (7,15),
  (3,14),
  (12,5),
  (19,8),
  (3,13),
  (2,17),
  (13,3),
  (6,14),
  (4,3),
  (15,9),
  (17,15),
  (16,1),
  (9,17),
  (15,17),
  (10,12),
  (16,11),
  (9,15),
  (14,3),
  (8,6),
  (19,3),
  (11,2),
  (15,10),
  (10,8),
  (9,11),
  (13,9),
  (13,17),
  (9,6),
  (13,8),
  (20,16);

INSERT INTO `Opera` (`Titolo`,`Tipo`,`Sintesi`,`IDGenere`)
VALUES
  ("Gomorra","Audiolibro","lobortis tellus justo sit amet nulla. Donec non justo. Proin non massa non ante bibendum",1),
  ("Voitsberg","Audiolibro","ut, pharetra sed, hendrerit a, arcu. Sed et libero. Proin mi. Aliquam gravida",11),
  ("Lithgow","Audiolibro","nibh enim, gravida sit amet, dapibus id, blandit at, nisi. Cum sociis natoque penatibus et magnis",13),
  ("Hervey Bay","Podcast","vitae risus. Duis",17),
  ("Sichuan","Podcast","sem, vitae aliquam eros turpis non enim. Mauris quis turpis vitae purus gravida sagittis. Duis gravida. Praesent eu nulla",14),
  ("Vallentuna","Audiolibro","sed pede nec ante blandit viverra. Donec tempus, lorem fringilla ornare placerat, orci lacus vestibulum",8),
  ("Arviat","Audiolibro","Curabitur consequat, lectus",11),
  ("Auvelais","Podcast","interdum ligula eu enim. Etiam imperdiet dictum magna. Ut tincidunt orci quis lectus. Nullam suscipit, est ac facilisis facilisis, magna tellus faucibus leo, in lobortis tellus justo sit",10),
  ("Cork","Podcast","eu nibh vulputate mauris sagittis placerat. Cras dictum ultricies ligula. Nullam enim. Sed nulla ante, iaculis nec, eleifend non, dapibus rutrum, justo.",4),
  ("Molina","Podcast","Quisque ornare tortor at risus. Nunc ac sem ut dolor dapibus gravida. Aliquam tincidunt, nunc ac mattis ornare, lectus ante dictum",9),
  ("Cusco","Audiolibro","Cras vulputate",2),
  ("San Rafael Abajo","Audiolibro","et magnis dis parturient montes, nascetur ridiculus mus. Proin vel nisl. Quisque fringilla euismod enim.",8),
  ("Sherlock Holmes","Audiolibro","mi lorem, vehicula et, rutrum eu, ultrices sit amet, risus. Donec nibh enim, gravida sit amet, dapibus id, blandit at, nisi. Cum sociis natoque penatibus et magnis",10),
  ("Cambridge Bay","Podcast","est. Mauris eu",13),
  ("Belfast","Audiolibro","tortor. Integer aliquam adipiscing lacus. Ut nec urna et arcu imperdiet ullamcorper. Duis at lacus. Quisque purus sapien, gravida non, sollicitudin a,",13),
  ("Macau","Audiolibro","Quisque libero lacus, varius et, euismod et, commodo at, libero. Morbi accumsan laoreet ipsum. Curabitur consequat, lectus sit amet luctus vulputate, nisi sem semper",9),
  ("Gondiya","Podcast","Vestibulum accumsan neque et nunc. Quisque ornare tortor at risus. Nunc ac sem ut dolor dapibus",15),
  ("Guangxi","Podcast","dolor dolor, tempus non, lacinia at,",3),
  ("Drachten","Podcast","interdum. Sed auctor odio a purus. Duis elementum, dui quis accumsan convallis, ante lectus convallis est, vitae sodales",12),
  ("Kalgoorlie-Boulder","Podcast","mollis lectus pede et",1);

INSERT INTO `TitoliAutori` (`IDAutore`,`IDOpera`)
VALUES
  (1,1),
  (12,10),
  (7,17),
  (19,2),
  (15,9),
  (13,13),
  (18,15),
  (12,12),
  (15,8),
  (12,18),
  (2,18),
  (2,10),
  (6,13),
  (6,16),
  (10,18),
  (13,12),
  (12,6),
  (11,5),
  (3,9),
  (8,12),
  (9,7),
  (2,14),
  (14,2),
  (11,19),
  (2,11),
  (18,14),
  (15,19),
  (8,20),
  (10,3),
  (16,10),
  (18,4);

INSERT INTO `OpereInLibreria` (`Email`,`IDOpera`)
VALUES
  ("nulla.donec@outlook.ca",3),
  ("erat@yahoo.couk",7),
  ("elit.pretium@aol.ca",5),
  ("nascetur.ridiculus@icloud.org",13),
  ("elit.curabitur@icloud.org",2),
  ("cursus.non@outlook.couk",11),
  ("elit.curabitur@icloud.org",12),
  ("erat@yahoo.couk",19),
  ("arcu.et@outlook.couk",2),
  ("curabitur.dictum@outlook.ca",12),
  ("cursus.et@protonmail.couk",7),
  ("elit.pretium@aol.ca",1),
  ("consectetuer.adipiscing@yahoo.couk",3),
  ("integer.mollis.integer@yahoo.couk",9),
  ("erat@yahoo.couk",10),
  ("consectetuer.adipiscing@yahoo.couk",20),
  ("elit.pretium@aol.ca",18),
  ("erat@yahoo.couk",9),
  ("nulla.donec@outlook.ca",17),
  ("nulla.donec@outlook.ca",5),
  ("consectetuer.adipiscing@yahoo.couk",19),
  ("arcu.et@outlook.couk",3),
  ("nulla.donec@outlook.ca",15),
  ("cursus.non@outlook.couk",12),
  ("risus.morbi@icloud.couk",9),
  ("erat@yahoo.couk",15),
  ("nascetur.ridiculus@icloud.org",16),
  ("integer.mollis.integer@yahoo.couk",19),
  ("integer.mollis.integer@yahoo.couk",8),
  ("elementum.lorem.ut@yahoo.edu",1),
  ("fusce.aliquam@protonmail.couk",17),
  ("curabitur.dictum@outlook.ca",15),
  ("arcu.et@outlook.couk",11),
  ("elit.pretium@aol.ca",6),
  ("erat@yahoo.couk",5),
  ("arcu.et@outlook.couk",10),
  ("risus.morbi@icloud.couk",4),
  ("consectetuer.adipiscing@yahoo.couk",17),
  ("arcu.et@outlook.couk",18),
  ("cursus.non@outlook.couk",6);

INSERT INTO `OpereAscoltate` (`Email`,`IDOpera`)
VALUES
  ("cursus.non@outlook.couk",18),
  ("cursus.non@outlook.couk",13),
  ("elit.pretium@aol.ca",2),
  ("nascetur.ridiculus@icloud.org",15),
  ("fusce.aliquam@protonmail.couk",4),
  ("elit.pretium@aol.ca",12),
  ("penatibus.et.magnis@yahoo.couk",15),
  ("curabitur.dictum@outlook.ca",14),
  ("fusce.aliquam@protonmail.couk",5),
  ("varius.et@hotmail.net",5),
  ("cras.eu@outlook.edu",17),
  ("elementum.lorem.ut@yahoo.edu",7),
  ("integer.mollis.integer@yahoo.couk",15),
  ("integer.mollis.integer@yahoo.couk",18),
  ("curabitur.dictum@outlook.ca",13),
  ("elementum.lorem.ut@yahoo.edu",2),
  ("fusce.aliquam@protonmail.couk",17),
  ("consectetuer.adipiscing@yahoo.couk",9),
  ("nulla.donec@outlook.ca",2),
  ("fusce.aliquam@protonmail.couk",18),
  ("consectetuer.adipiscing@yahoo.couk",12),
  ("nulla.donec@outlook.ca",8),
  ("nascetur.ridiculus@icloud.org",8),
  ("consectetuer.adipiscing@yahoo.couk",8),
  ("elementum.lorem.ut@yahoo.edu",9),
  ("varius.ultrices@outlook.couk",14),
  ("cursus.non@outlook.couk",2),
  ("arcu.et@outlook.couk",14),
  ("nascetur.ridiculus@icloud.org",11),
  ("cras.eu@outlook.edu",15),
  ("elit.curabitur@icloud.org",6),
  ("risus.morbi@icloud.couk",3),
  ("nascetur.ridiculus@icloud.org",19),
  ("erat@yahoo.couk",18),
  ("elementum.lorem.ut@yahoo.edu",14),
  ("elit.pretium@aol.ca",8),
  ("consectetuer.adipiscing@yahoo.couk",14),
  ("elementum.lorem.ut@yahoo.edu",15),
  ("integer.mollis.integer@yahoo.couk",14),
  ("penatibus.et.magnis@yahoo.couk",5),
  ("varius.ultrices@outlook.couk",16),
  ("consectetuer.adipiscing@yahoo.couk",16),
  ("curabitur.dictum@outlook.ca",5),
  ("cursus.non@outlook.couk",8),
  ("nulla.donec@outlook.ca",18),
  ("nascetur.ridiculus@icloud.org",18),
  ("varius.ultrices@outlook.couk",19),
  ("cursus.et@protonmail.couk",10),
  ("cras.eu@outlook.edu",7),
  ("cursus.et@protonmail.couk",4);

DELIMITER //
CREATE TRIGGER AggiornaVotazione
AFTER INSERT ON Recensione
FOR EACH ROW
BEGIN
DECLARE X INTEGER;
SELECT AVG(Votazione) INTO X FROM Recensione WHERE NEW.IDOpera = IDOpera;
UPDATE Opera
SET VotazioneMedia = X
WHERE ID = NEW.IDOpera;
END//

INSERT INTO `Recensione` (`Email`,`IDOpera`,`Critica`,`Votazione`)
VALUES
  ("cursus.non@outlook.couk",17,"quam habitant morbi tristique senectus et netus et malesuada",5),
  ("erat@yahoo.couk",9,"porttitor scelerisque neque. Nullam nisl. Maecenas malesuada fringilla est. Mauris",2),
  ("elementum.lorem.ut@yahoo.edu",19,"luctus, ipsum leo elementum sem, vitae aliquam eros turpis non",3),
  ("cras.eu@outlook.edu",11,"at, libero. Morbi accumsan laoreet ipsum. Curabitur consequat, lectus sit",5),
  ("cursus.non@outlook.couk",10,"vitae aliquam eros turpis non enim. Mauris quis turpis vitae",5),
  ("cursus.et@protonmail.couk",2,"ultrices. Duis volutpat nunc sit amet metus. Aliquam erat volutpat.",1),
  ("cras.eu@outlook.edu",3,"Nunc mauris elit, dictum eu, eleifend nec, malesuada ut, sem.",1),
  ("consectetuer.adipiscing@yahoo.couk",8,"eros non enim commodo hendrerit. Donec porttitor tellus non magna.",4),
  ("felis@icloud.net",4,"tellus. Suspendisse sed dolor. Fusce mi lorem, vehicula et, rutrum",3),
  ("penatibus.et.magnis@yahoo.couk",14,"Integer vulputate, risus a ultricies adipiscing, enim mi tempor lorem,",3),
  ("varius.et@hotmail.net",10,"dui. Cras pellentesque. Sed dictum. Proin eget odio. Aliquam vulputate",3),
  ("arcu.et@outlook.couk",7,"arcu eu odio tristique pharetra. Quisque ac libero nec ligula",1),
  ("cursus.et@protonmail.couk",3,"primis in faucibus orci luctus et ultrices posuere cubilia Curae",5),
  ("integer.mollis.integer@yahoo.couk",18,"ligula eu enim. Etiam imperdiet dictum magna. Ut tincidunt orci",3),
  ("cras.eu@outlook.edu",10,"facilisis non, bibendum sed, est. Nunc laoreet lectus quis massa.",2),
  ("elit.curabitur@icloud.org",19,"Cras dictum ultricies ligula. Nullam enim. Sed nulla ante, iaculis",1),
  ("varius.ultrices@outlook.couk",3,"hendrerit a, arcu. Sed et libero. Proin mi. Aliquam gravida",2),
  ("integer.mollis.integer@yahoo.couk",15,"urna justo faucibus lectus, a sollicitudin orci sem eget massa.",3),
  ("varius.ultrices@outlook.couk",5,"est mauris, rhoncus id, mollis nec, cursus a, enim. Suspendisse",5),
  ("cras.eu@outlook.edu",13,"sem. Nulla interdum. Curabitur dictum. Phasellus in felis. Nulla tempor",5),
  ("nulla.donec@outlook.ca",5,"natoque penatibus et magnis dis parturient montes, nascetur ridiculus mus.",1),
  ("curabitur.dictum@outlook.ca",6,"imperdiet non, vestibulum nec, euismod in, dolor. Fusce feugiat. Lorem",3),
  ("integer.mollis.integer@yahoo.couk",17,"ipsum dolor sit amet, consectetuer adipiscing elit. Aliquam auctor, velit",4),
  ("integer.mollis.integer@yahoo.couk",19,"Quisque purus sapien, gravida non, sollicitudin a, malesuada id, erat.",5),
  ("varius.et@hotmail.net",5,"lorem semper auctor. Mauris vel turpis. Aliquam adipiscing lobortis risus.",1),
  ("varius.ultrices@outlook.couk",15,"Donec vitae erat vel pede blandit congue. In scelerisque scelerisque",4),
  ("elit.pretium@aol.ca",17,"mol in, tempus eu, ligula. Aenean euismod mauris eu elit.",1),
  ("cursus.non@outlook.couk",15,"egestas. Aliquam nec enim. Nunc ut erat. Sed nunc est,",4),
  ("varius.et@hotmail.net",13,"libero. Proin mi. Aliquam gravida mauris ut mi. Duis risus",4),
  ("arcu.et@outlook.couk",11,"elit, a feugiat tellus lorem eu metus. In lorem. Donec",1);

INSERT INTO `TitoliLettori` (`IDLettore`,`IDOpera`)
VALUES
  (1,1),
  (7,16),
  (19,2),
  (15,9),
  (13,13),
  (18,5),
  (12,12),
  (15,18),
  (12,6),
  (2,18),
  (2,15),
  (6,13),
  (6,16),
  (10,8),
  (13,14),
  (12,7),
  (11,15),
  (3,9),
  (8,12),
  (9,17),
  (2,14),
  (14,12),
  (11,19),
  (2,16),
  (18,14),
  (15,11),
  (8,20),
  (10,3),
  (16,10),
  (18,4);

INSERT INTO `PartiOpera` (`IDOpera`,`Numero`,`Titolo`,`Durata`)
VALUES
  (1,1,"ultrices. Vivamus","9:34"),
  (1,2,"feugiat placerat","9:26"),
  (1,3,"vel sapien","10:00"),
  (1,4,"in, cursus","10:29"),
  (1,5,"in sodales","3:45"),
  (1,6,"Morbi sit","1:47"),
  (1,7,"nunc. Quisque","11:23"),
  (1,8,"mol sodales.","9:26"),
  (1,9,"In condimentum.","6:06"),
  (1,10,"parturient montes,","4:49"),
  (1,11,"Mauris ut","1:01"),
  (1,12,"Etiam bibendum","11:47"),
  (1,13,"turpis. In","8:49"),
  (1,14,"Pellentesque ultricies","4:23"),
  (1,15,"ac, feugiat","4:00"),
  (1,16,"Integer urna.","3:07"),
  (1,17,"Aenean eget","8:07"),
  (1,18,"cursus vestibulum.","7:27"),
  (1,19,"diam. Duis","10:50"),
  (1,20,"Nunc sollicitudin","9:07"),
  (2,1,"Aenean gravida","8:52"),
  (2,2,"fringilla purus","9:58"),
  (2,3,"risus. Morbi","7:33"),
  (2,4,"enim mi","3:38"),
  (2,5,"luctus ut,","12:03"),
  (2,6,"Curae Phasellus","9:21"),
  (2,7,"Duis elementum,","3:54"),
  (2,8,"Phasellus dapibus","12:12"),
  (2,9,"scelerisque dui.","6:05"),
  (2,10,"Phasellus dapibus","5:19"),
  (2,11,"blandit enim","12:53"),
  (2,12,"arcu eu","4:25"),
  (2,13,"massa lobortis","5:04"),
  (2,14,"elit. Aliquam","7:00"),
  (2,15,"massa. Integer","12:26"),
  (2,16,"venenatis lacus.","8:33"),
  (2,17,"ornare, elit","7:40"),
  (2,18,"pede. Suspendisse","1:44"),
  (2,19,"Donec est.","3:41"),
  (2,20,"tempor arcu.","9:59"),
  (3,1,"sed sem","1:49"),
  (3,2,"eu metus.","3:58"),
  (3,3,"quam dignissim","10:10"),
  (3,4,"tincidunt nibh.","4:18"),
  (3,5,"nulla magna,","11:24"),
  (3,6,"amet ultricies","10:11"),
  (3,7,"et nunc.","8:41"),
  (3,8,"Quisque nonummy","6:16"),
  (3,9,"Ut nec","8:58"),
  (3,10,"non leo.","11:31"),
  (3,11,"est mauris,","7:46"),
  (3,12,"ipsum. Curabitur","3:59"),
  (3,13,"nisl sem,","3:07"),
  (3,14,"velit justo","3:30"),
  (3,15,"aliquet. Proin","10:35"),
  (3,16,"mol. Sed","9:36"),
  (3,17,"turpis egestas.","7:47"),
  (3,18,"aliquam iaculis,","5:15"),
  (3,19,"consequat dolor","7:33"),
  (3,20,"Morbi accumsan","6:08"),
  (4,1,"dolor vitae","2:09"),
  (4,2,"Mauris quis","6:40"),
  (4,3,"sitet,","6:09"),
  (4,4,"accumsan laoreet","4:40"),
  (4,5,"imperdiet ullamcorper.","2:42"),
  (4,6,"metus. In","4:54"),
  (4,7,"elit sed","4:03"),
  (4,8,"lacus. Quisque","5:17"),
  (4,9,"et, eros.","10:42"),
  (4,10,"Donec dignissim","5:21"),
  (4,11,"quis lectus.","1:36"),
  (4,12,"sem ut","2:50"),
  (4,13,"rutrum. Fusce","2:04"),
  (4,14,"arcu. Nunc","8:01"),
  (4,15,"placerat, augue.","9:57"),
  (5,1,"amet ultricies","5:24"),
  (5,2,"mauris id","7:08"),
  (5,3,"a, malesuada","5:06"),
  (5,4,"pharetra ut,","3:52"),
  (5,5,"dictum sapien.","12:01"),
  (5,6,"tellus. Nunc","9:58"),
  (5,7,"feugiat non,","4:55"),
  (5,8,"euismod in,","1:38"),
  (5,9,"Curabitur egestas","11:57"),
  (5,10,"Sed dictum.","1:49");